ID,name,itemID,Item
1,Aliquid iste optio reiciendi,58,Quos re
1,Aliquid iste optio reiciendi,20,Dolores rem v
1,Aliquid iste optio reiciendi,85,Alias laboriosam sapiente e
2,Optio dolorem ex a,115,Sapiente do
2,Optio dolorem ex a,93,Natus
2,Optio dolorem ex a,133,Libero saepe accusantium
3,Minus c,8,Saepe ea vo
3,Minus c,43,Tempore
4,Sit ut repr,82,Atque laudantium dolor q
4,Sit ut repr,21,Sit rerum err
4,Sit ut repr,85,Alias laboriosam sapiente e
4,Sit ut repr,135,Culpa accusantium fugit id
5,At id recusandae expl,96,Commodi deserunt in illo
5,At id recusandae expl,145,Corporis fug
5,At id recusandae expl,140,Quos nihil quibusdam
5,At id recusandae expl,7,Omnis
6,Non nobis et of,93,Natus
7,Perferendis,38,Reprehen
7,Perferendis,42,Error maiores nulla
7,Perferendis,123,Illo q
7,Perferendis,85,Alias laboriosam sapiente e
7,Perferendis,166,Distinctio tene
8,Accusantium amet quidem eve,48,Labore a consecte
8,Accusantium amet quidem eve,43,Tempore
8,Accusantium amet quidem eve,119,Beatae ve
9,Sed nostrum inventore error m,32,Ipsam placeat e
9,Sed nostrum inventore error m,106,Et ducimus cumque aut perspic
9,Sed nostrum inventore error m,116,Fuga necessitatibus
9,Sed nostrum inventore error m,125,Labore architecto tempora d
10,Harum repellendus omnis od,129,Quos voluptates at n
10,Harum repellendus omnis od,131,Neq
10,Harum repellendus omnis od,117,Nam excepturi placeat asperna
10,Harum repellendus omnis od,135,Culpa accusantium fugit id
11,Itaque ut commodi,,158,Sit numqu
11,Itaque ut commodi,,108,Perferendis nesciunt quae dolo
11,Itaque ut commodi,,54,Similique totam quasi ipsa ex
12,Molestiae quis,65,Quos blanditiis nost
12,Molestiae quis,115,Sapiente do
12,Molestiae quis,126,Porro impedit enim earum nam n
13,Ali,38,Reprehen
13,Ali,44,Culpa nemo vol
13,Ali,125,Labore architecto tempora d
13,Ali,62,Natus rem repellat quas assum
14,Tempora quod optio possimus il,65,Quos blanditiis nost
14,Tempora quod optio possimus il,34,Eius cum quis
14,Tempora quod optio possimus il,68,Repudiandae
14,Tempora quod optio possimus il,41,Beatae do
15,Sed itaque beatae pari,56,Harum voluptatum ius
15,Sed itaque beatae pari,74,Quo sunt laudantium al
15,Sed itaque beatae pari,84,Consectetur error o
15,Sed itaque beatae pari,34,Eius cum quis
16,Quam dolor,87,Hic possimus qua
17,Molestias expedita,136,Fugit pariatur vero nesciu
17,Molestias expedita,116,Fuga necessitatibus
17,Molestias expedita,64,Laudantium c
17,Molestias expedita,68,Repudiandae
17,Molestias expedita,128,Similique do
18,Lauda,64,Laudantium c
18,Lauda,17,Officiis
18,Lauda,90,Aperiam consequuntu
18,Lauda,60,Porro molliti
18,Lauda,62,Natus rem repellat quas assum
19,Incidunt sint perferen,113,Accusamus exercitat
19,Incidunt sint perferen,52,Molestiae veniam
19,Incidunt sint perferen,5,Quod eveniet i
20,Laboriosa,156,Expedita nam est in l
21,Dolore esse nesciunt fugit com,33,Corporis ani
21,Dolore esse nesciunt fugit com,34,Eius cum quis
21,Dolore esse nesciunt fugit com,51,Ipsam
21,Dolore esse nesciunt fugit com,117,Nam excepturi placeat asperna
22,Dolorum nam reic,41,Beatae do
22,Dolorum nam reic,43,Tempore
22,Dolorum nam reic,164,Inventore re
23,Repellat ad numquam volu,160,Totam delectus sed fugiat o
23,Repellat ad numquam volu,33,Corporis ani
23,Repellat ad numquam volu,61,Enim laboriosam quae
24,Facere enim velit eligend,8,Saepe ea vo
25,Sed ratione quis rep,122,Quisquam e
25,Sed ratione quis rep,50,Officia asperiores obcaecati d
26,Doloribus neque,112,Quibusdam deleniti quasi provi
26,Doloribus neque,149,Repella
27,Ab voluptas se,104,Molestiae r
27,Ab voluptas se,172,Omnis maxime deserunt
27,Ab voluptas se,10,Pariatur hic iste m
27,Ab voluptas se,148,Corporis voluptas provi
27,Ab voluptas se,157,Repelle
28,Molestias m,51,Ipsam
29,In pariatur corpori,120,Blanditiis corporis exerci
29,In pariatur corpori,170,Iure nob
29,In pariatur corpori,107,Corrupti ap
29,In pariatur corpori,157,Repelle
30,Possimus ad dignissimos vel, a,114,Error eveniet ipsum, expedi
30,Possimus ad dignissimos vel, a,69,Minus illum vo
30,Possimus ad dignissimos vel, a,109,Sunt doloremque recusanda
30,Possimus ad dignissimos vel, a,138,Corrupti sit at cum
31,At minus accusa,9,Vel illo sed
31,At minus accusa,61,Enim laboriosam quae
31,At minus accusa,45,Repellat iusto quam reprehen
32,Ad necess,142,Amet vel distinctio mo
32,Ad necess,111,Numquam tempor
33,Expedita c,64,Laudantium c
33,Expedita c,110,Deleniti similique obc
34,Voluptates sunt voluptas volu,160,Totam delectus sed fugiat o
34,Voluptates sunt voluptas volu,90,Aperiam consequuntu
34,Voluptates sunt voluptas volu,132,Optio dolore itaque
34,Voluptates sunt voluptas volu,5,Quod eveniet i
35,Autem mollitia fuga lauda,3,Laborios
35,Autem mollitia fuga lauda,166,Distinctio tene
35,Autem mollitia fuga lauda,101,Earum suscipit ea voluptates i
35,Autem mollitia fuga lauda,62,Natus rem repellat quas assum
35,Autem mollitia fuga lauda,165,Nemo expl
36,Sint quibusdam ob,29,In p
36,Sint quibusdam ob,153,Sit quibusdam ab, enim in ex
36,Sint quibusdam ob,34,Eius cum quis
36,Sint quibusdam ob,155,Voluptatum doloremque to
36,Sint quibusdam ob,141,Sit quidem tempora doloribus r
37,Rerum et o,169,Repudiandae molestias be
37,Rerum et o,42,Error maiores nulla
37,Rerum et o,20,Dolores rem v
37,Rerum et o,174,Atque repudiandae molestiae v
37,Rerum et o,54,Similique totam quasi ipsa ex
38,Doloribus dolore r,80,Rem expedit
38,Doloribus dolore r,146,Sequi nesciunt
38,Doloribus dolore r,115,Sapiente do
38,Doloribus dolore r,124,Repellat voluptates ea,
38,Doloribus dolore r,165,Nemo expl
39,Eaque su,168,Officiis illo cum acc
39,Eaque su,58,Quos re
39,Eaque su,150,Culpa cumque quo vel
40,Vel molestias numqua,32,Ipsam placeat e
40,Vel molestias numqua,26,Assumenda nam i
40,Vel molestias numqua,147,Facere neque qu
41,Iste assumenda repellat q,168,Officiis illo cum acc
41,Iste assumenda repellat q,112,Quibusdam deleniti quasi provi
42,Animi labo,65,Quos blanditiis nost
42,Animi labo,131,Neq
42,Animi labo,92,Ea vel deserunt aspernat
43,Eum culpa eaque ea omn,131,Neq
44,Harum provident vel quam,38,Reprehen
45,Aspe,16,Assu
45,Aspe,66,Quisquam ut cupiditate
45,Aspe,76,Voluptatem laborum dicta cum
45,Aspe,12,Laudantium recusand
46,Nisi nequ,84,Consectetur error o
47,Quod tempora,136,Fugit pariatur vero nesciu
47,Quod tempora,161,Doloremq
47,Quod tempora,35,Suscip
47,Quod tempora,94,Optio iusto laboriosam te
48,Porro aliq,137,Numqu
48,Porro aliq,45,Repellat iusto quam reprehen
48,Porro aliq,126,Porro impedit enim earum nam n
48,Porro aliq,47,Animi dolor at est
49,Quas,41,Beatae do
49,Quas,2,Qui
49,Quas,86,Doloribus animi perspiciatis
49,Quas,113,Accusamus exercitat
50,Magnam eligendi quia animi,29,In p
51,Officiis se,73,Beatae ita
51,Officiis se,153,Sit quibusdam ab, enim in ex
51,Officiis se,79,Dolorem quam neque, amet cum e
52,Id assumend,115,Sapiente do
52,Id assumend,131,Neq
53,Voluptatibus fu,26,Assumenda nam i
53,Voluptatibus fu,170,Iure nob
53,Voluptatibus fu,3,Laborios
53,Voluptatibus fu,54,Similique totam quasi ipsa ex
53,Voluptatibus fu,119,Beatae ve
54,Odit rat,55,Velit voluptatem
55,Debit,81,Est sapiente iusto minus quam
55,Debit,49,Sed quo corpor
55,Debit,141,Sit quidem tempora doloribus r
55,Debit,160,Totam delectus sed fugiat o
56,Cum aut quas repudia,156,Expedita nam est in l
57,Deleniti qui quae quidem,168,Officiis illo cum acc
57,Deleniti qui quae quidem,156,Expedita nam est in l
57,Deleniti qui quae quidem,36,Soluta consequatur dolore
58,Adipisci voluptas,62,Natus rem repellat quas assum
58,Adipisci voluptas,5,Quod eveniet i
58,Adipisci voluptas,46,Exp
58,Adipisci voluptas,159,Ipsum sit praesentium cum ame
59,Debitis sit ratione eos nam,89,Facere reprehenderit v
59,Debitis sit ratione eos nam,166,Distinctio tene
59,Debitis sit ratione eos nam,174,Atque repudiandae molestiae v
59,Debitis sit ratione eos nam,87,Hic possimus qua
60,Esse illo molestias archi,129,Quos voluptates at n
60,Esse illo molestias archi,130,Neq
60,Esse illo molestias archi,141,Sit quidem tempora doloribus r
60,Esse illo molestias archi,87,Hic possimus qua
61,Sunt at itaque voluptatum d,116,Fuga necessitatibus
61,Sunt at itaque voluptatum d,95,Laborios
62,Est totam,115,Sapiente do
63,Reprehenderit commodi eius,19,Explicabo
63,Reprehenderit commodi eius,163,Dignissimos dolo
63,Reprehenderit commodi eius,5,Quod eveniet i
63,Reprehenderit commodi eius,158,Sit numqu
63,Reprehenderit commodi eius,151,Magni totam q
64,Debit,160,Totam delectus sed fugiat o
64,Debit,66,Quisquam ut cupiditate
64,Debit,134,Illum nequ
65,Soluta dol,8,Saepe ea vo
65,Soluta dol,18,Consectetur deleniti cupi
65,Soluta dol,116,Fuga necessitatibus
65,Soluta dol,136,Fugit pariatur vero nesciu
65,Soluta dol,157,Repelle
66,Vel nesc,3,Laborios
66,Vel nesc,113,Accusamus exercitat
66,Vel nesc,145,Corporis fug
66,Vel nesc,123,Illo q
66,Vel nesc,83,Accusan
67,Ratione quia ali,89,Facere reprehenderit v
68,Rerum recusandae minima,114,Error eveniet ipsum, expedi
68,Rerum recusandae minima,147,Facere neque qu
68,Rerum recusandae minima,93,Natus
68,Rerum recusandae minima,54,Similique totam quasi ipsa ex
69,Totam natus eius fugiat volu,146,Sequi nesciunt
69,Totam natus eius fugiat volu,43,Tempore
69,Totam natus eius fugiat volu,90,Aperiam consequuntu
70,Perferendis commodi null,139,Est fugit incidunt co
70,Perferendis commodi null,172,Omnis maxime deserunt
70,Perferendis commodi null,151,Magni totam q
71,Laudantiu,11,Eum illo expedita
71,Laudantiu,83,Accusan
71,Laudantiu,167,Recusandae fug
72,Voluptat,128,Similique do
73,Incidunt nesciun,19,Explicabo
74,Illum amet vero,106,Et ducimus cumque aut perspic
74,Illum amet vero,139,Est fugit incidunt co
75,Suscipit exercitationem re,99,Facere q
76,Quas enim error maxime nisi m,24,Blanditiis obcaecat
77,Labore qu,2,Qui
77,Labore qu,68,Repudiandae
77,Labore qu,133,Libero saepe accusantium
77,Labore qu,22,Sapiente numquam qu
78,Repudiandae deleniti unde,25,Ex
78,Repudiandae deleniti unde,21,Sit rerum err
78,Repudiandae deleniti unde,141,Sit quidem tempora doloribus r
79,Ut do,106,Et ducimus cumque aut perspic
80,Quaerat esse labore q,8,Saepe ea vo
80,Quaerat esse labore q,149,Repella
80,Quaerat esse labore q,102,Sint dolorum
81,Quidem aliq,24,Blanditiis obcaecat
81,Quidem aliq,155,Voluptatum doloremque to
81,Quidem aliq,4,Quibusdam illo deserunt ea
81,Quidem aliq,101,Earum suscipit ea voluptates i
81,Quidem aliq,158,Sit numqu
82,Aperiam vitae eos dolor sed,136,Fugit pariatur vero nesciu
82,Aperiam vitae eos dolor sed,12,Laudantium recusand
82,Aperiam vitae eos dolor sed,93,Natus
82,Aperiam vitae eos dolor sed,30,Possimus quae elig
83,Minus nobis porro,9,Vel illo sed
83,Minus nobis porro,115,Sapiente do
83,Minus nobis porro,101,Earum suscipit ea voluptates i
84,In similique,97,Ad numquam dicta cons
84,In similique,162,Id reprehenderit ullam rat
84,In similique,3,Laborios
84,In similique,143,Illum eaque atque recusand
85,Culpa repellat unde,72,Eligendi fuga mol
85,Culpa repellat unde,65,Quos blanditiis nost
85,Culpa repellat unde,153,Sit quibusdam ab, enim in ex
85,Culpa repellat unde,116,Fuga necessitatibus
85,Culpa repellat unde,165,Nemo expl
86,Architecto i,24,Blanditiis obcaecat
86,Architecto i,148,Corporis voluptas provi
86,Architecto i,20,Dolores rem v
86,Architecto i,46,Exp
86,Architecto i,15,Animi molestias possimus nihil
87,A sed pariatur qua,40,Accusamus reprehenderit beata
88,Tempore assumenda aperiam,97,Ad numquam dicta cons
88,Tempore assumenda aperiam,170,Iure nob
88,Tempore assumenda aperiam,137,Numqu
88,Tempore assumenda aperiam,108,Perferendis nesciunt quae dolo
89,Sed ullam tempora iusto co,91,Quis expedita ip
89,Sed ullam tempora iusto co,38,Reprehen
90,Ipsa,4,Quibusdam illo deserunt ea
90,Ipsa,166,Distinctio tene
91,Fugiat incidun,128,Similique do
91,Fugiat incidun,41,Beatae do
91,Fugiat incidun,51,Ipsam
91,Fugiat incidun,5,Quod eveniet i
91,Fugiat incidun,135,Culpa accusantium fugit id
92,Molestiae of,16,Assu
92,Molestiae of,59,Deleniti quas explica
92,Molestiae of,77,Corporis obcaecati ven
92,Molestiae of,95,Laborios
92,Molestiae of,151,Magni totam q
93,Quae quisquam cons,131,Neq
93,Quae quisquam cons,12,Laudantium recusand
93,Quae quisquam cons,5,Quod eveniet i
93,Quae quisquam cons,60,Porro molliti
94,Repellendus ea non facil,73,Beatae ita
94,Repellendus ea non facil,58,Quos re
94,Repellendus ea non facil,139,Est fugit incidunt co
94,Repellendus ea non facil,100,Incidunt libero assumen
95,Quod non quibu,99,Facere q
95,Quod non quibu,58,Quos re
95,Quod non quibu,67,Eaque nemo velit nece
95,Quod non quibu,112,Quibusdam deleniti quasi provi
95,Quod non quibu,14,Veniam fuga n
96,Numquam velit distinctio,170,Iure nob
96,Numquam velit distinctio,130,Neq
96,Numquam velit distinctio,77,Corporis obcaecati ven
96,Numquam velit distinctio,142,Amet vel distinctio mo
96,Numquam velit distinctio,135,Culpa accusantium fugit id
97,Necessitatibus nihil ex debi,72,Eligendi fuga mol
97,Necessitatibus nihil ex debi,17,Officiis
97,Necessitatibus nihil ex debi,101,Earum suscipit ea voluptates i
98,Velit tempore nemo, na,10,Pariatur hic iste m
98,Velit tempore nemo, na,87,Hic possimus qua
99,Nesciunt v,158,Sit numqu
100,Dicta enim debitis accusantiu,40,Accusamus reprehenderit beata
100,Dicta enim debitis accusantiu,57,Ex libero soluta
100,Dicta enim debitis accusantiu,146,Sequi nesciunt
100,Dicta enim debitis accusantiu,107,Corrupti ap
100,Dicta enim debitis accusantiu,85,Alias laboriosam sapiente e
101,Vitae a,40,Accusamus reprehenderit beata
101,Vitae a,170,Iure nob
101,Vitae a,30,Possimus quae elig
101,Vitae a,22,Sapiente numquam qu
101,Vitae a,39,Eveniet impedi
102,Praesentium voluptas u,26,Assumenda nam i
102,Praesentium voluptas u,84,Consectetur error o
102,Praesentium voluptas u,52,Molestiae veniam
103,Unde ullam mollitia? Nu,120,Blanditiis corporis exerci
103,Unde ullam mollitia? Nu,113,Accusamus exercitat
103,Unde ullam mollitia? Nu,45,Repellat iusto quam reprehen
103,Unde ullam mollitia? Nu,158,Sit numqu
103,Unde ullam mollitia? Nu,111,Numquam tempor
104,Neque molestias qu,64,Laudantium c
104,Neque molestias qu,129,Quos voluptates at n
104,Neque molestias qu,122,Quisquam e
104,Neque molestias qu,40,Accusamus reprehenderit beata
104,Neque molestias qu,71,Quia quasi labo
105,Officiis es,137,Numqu
105,Officiis es,146,Sequi nesciunt
105,Officiis es,43,Tempore
106,Beatae mi,112,Quibusdam deleniti quasi provi
106,Beatae mi,148,Corporis voluptas provi
106,Beatae mi,126,Porro impedit enim earum nam n
106,Beatae mi,84,Consectetur error o
107,Mollitia nam corporis temp,116,Fuga necessitatibus
108,Repudiandae repellat i,160,Totam delectus sed fugiat o
108,Repudiandae repellat i,75,Ist
108,Repudiandae repellat i,166,Distinctio tene
108,Repudiandae repellat i,47,Animi dolor at est
109,Laboriosam,92,Ea vel deserunt aspernat
110,Nam minus amet,90,Aperiam consequuntu
111,Harum quae volup,122,Quisquam e
112,Impedit facere ulla,157,Repelle
112,Impedit facere ulla,127,Evenie
113,Enim,142,Amet vel distinctio mo
113,Enim,166,Distinctio tene
114,Dolore magni,10,Pariatur hic iste m
114,Dolore magni,153,Sit quibusdam ab, enim in ex
114,Dolore magni,50,Officia asperiores obcaecati d
114,Dolore magni,91,Quis expedita ip
114,Dolore magni,61,Enim laboriosam quae
115,Eaque at corpori,144,Dignissi
115,Eaque at corpori,10,Pariatur hic iste m
115,Eaque at corpori,18,Consectetur deleniti cupi
115,Eaque at corpori,68,Repudiandae
115,Eaque at corpori,101,Earum suscipit ea voluptates i
116,Fug,20,Dolores rem v
117,Dolorum laudanti,160,Totam delectus sed fugiat o
117,Dolorum laudanti,116,Fuga necessitatibus
117,Dolorum laudanti,21,Sit rerum err
117,Dolorum laudanti,15,Animi molestias possimus nihil
118,Perferendis nat,128,Similique do
118,Perferendis nat,9,Vel illo sed
118,Perferendis nat,133,Libero saepe accusantium
118,Perferendis nat,174,Atque repudiandae molestiae v
118,Perferendis nat,71,Quia quasi labo
119,Cupidi,1,Libero facere dolore, as
119,Cupidi,15,Animi molestias possimus nihil
119,Cupidi,95,Laborios
119,Cupidi,54,Similique totam quasi ipsa ex
119,Cupidi,31,Vitae nulla praesentium magnam
120,Commodi eius dicta digniss,50,Officia asperiores obcaecati d
120,Commodi eius dicta digniss,91,Quis expedita ip
120,Commodi eius dicta digniss,94,Optio iusto laboriosam te
121,Debitis eu,59,Deleniti quas explica
121,Debitis eu,100,Incidunt libero assumen
121,Debitis eu,63,Quasi re
122,Nihil repella,162,Id reprehenderit ullam rat
122,Nihil repella,87,Hic possimus qua
123,Rem quasi minima hic sed anim,56,Harum voluptatum ius
123,Rem quasi minima hic sed anim,90,Aperiam consequuntu
123,Rem quasi minima hic sed anim,46,Exp
124,Sed ali,98,Aliquid aliquam velit reru
125,Earum vol,8,Saepe ea vo
125,Earum vol,131,Neq
125,Earum vol,110,Deleniti similique obc
126,Inventore tempore com,162,Id reprehenderit ullam rat
127,Repell,154,Consequuntur at earum d
127,Repell,171,Ea dolor exercitation
127,Repell,133,Libero saepe accusantium
128,Consequatur quis recusandae qu,138,Corrupti sit at cum
128,Consequatur quis recusandae qu,171,Ea dolor exercitation
128,Consequatur quis recusandae qu,111,Numquam tempor
129,Dolores ea velit mi,108,Perferendis nesciunt quae dolo
129,Dolores ea velit mi,138,Corrupti sit at cum
129,Dolores ea velit mi,51,Ipsam
129,Dolores ea velit mi,4,Quibusdam illo deserunt ea
129,Dolores ea velit mi,149,Repella
130,Atque blanditiis a aperiam,63,Quasi re
131,Reprehenderit sequi iu,17,Officiis
131,Reprehenderit sequi iu,147,Facere neque qu
131,Reprehenderit sequi iu,4,Quibusdam illo deserunt ea
132,Natus architecto eos, hic blan,16,Assu
132,Natus architecto eos, hic blan,89,Facere reprehenderit v
132,Natus architecto eos, hic blan,133,Libero saepe accusantium
132,Natus architecto eos, hic blan,15,Animi molestias possimus nihil
133,Ipsa illo quas,8,Saepe ea vo
133,Ipsa illo quas,19,Explicabo
133,Ipsa illo quas,28,Impedit libero id modi eos vol
134,Voluptas ali,144,Dignissi
134,Voluptas ali,132,Optio dolore itaque
134,Voluptas ali,173,Eum error eveni
134,Voluptas ali,127,Evenie
135,Voluptates obcaecati quod e,40,Accusamus reprehenderit beata
135,Voluptates obcaecati quod e,72,Eligendi fuga mol
135,Voluptates obcaecati quod e,43,Tempore
135,Voluptates obcaecati quod e,20,Dolores rem v
135,Voluptates obcaecati quod e,13,Molesti
136,Dolor adipisci a voluptate,18,Consectetur deleniti cupi
136,Dolor adipisci a voluptate,53,Perferendis repudiandae labo
136,Dolor adipisci a voluptate,166,Distinctio tene
136,Dolor adipisci a voluptate,87,Hic possimus qua
137,Repellendus natus quae, n,101,Earum suscipit ea voluptates i
137,Repellendus natus quae, n,53,Perferendis repudiandae labo
137,Repellendus natus quae, n,55,Velit voluptatem
138,Laudantium earum nam in dol,65,Quos blanditiis nost
138,Laudantium earum nam in dol,69,Minus illum vo
138,Laudantium earum nam in dol,133,Libero saepe accusantium
139,Molestias face,174,Atque repudiandae molestiae v
139,Molestias face,116,Fuga necessitatibus
139,Molestias face,109,Sunt doloremque recusanda
139,Molestias face,54,Similique totam quasi ipsa ex
139,Molestias face,23,Nam ab illum culpa corporis fu
140,Maiores suscipit exc,42,Error maiores nulla
140,Maiores suscipit exc,103,Incidunt fugiat ea, ea
140,Maiores suscipit exc,7,Omnis
141,Illum dolore perferen,171,Ea dolor exercitation
142,Explicabo recusandae ma,51,Ipsam
142,Explicabo recusandae ma,50,Officia asperiores obcaecati d
142,Explicabo recusandae ma,155,Voluptatum doloremque to
142,Explicabo recusandae ma,173,Eum error eveni
142,Explicabo recusandae ma,174,Atque repudiandae molestiae v
143,Odio obcaecati hic nostrum n,152,Illu
143,Odio obcaecati hic nostrum n,55,Velit voluptatem
144,Voluptate ali,117,Nam excepturi placeat asperna
145,Repudiandae vitae sapiente mol,25,Ex
145,Repudiandae vitae sapiente mol,26,Assumenda nam i
145,Repudiandae vitae sapiente mol,163,Dignissimos dolo
145,Repudiandae vitae sapiente mol,116,Fuga necessitatibus
146,Ipsam cumque,56,Harum voluptatum ius
146,Ipsam cumque,18,Consectetur deleniti cupi
146,Ipsam cumque,26,Assumenda nam i
146,Ipsam cumque,106,Et ducimus cumque aut perspic
147,Fugiat quos alias eos dese,163,Dignissimos dolo
148,Eaque impe,26,Assumenda nam i
148,Eaque impe,130,Neq
148,Eaque impe,147,Facere neque qu
148,Eaque impe,62,Natus rem repellat quas assum
149,Elige,128,Similique do
149,Elige,121,Nesciunt quia nobi
149,Elige,142,Amet vel distinctio mo
150,Adip,97,Ad numquam dicta cons
150,Adip,134,Illum nequ
150,Adip,31,Vitae nulla praesentium magnam
151,Fuga nemo vel mo,57,Ex libero soluta
151,Fuga nemo vel mo,153,Sit quibusdam ab, enim in ex
151,Fuga nemo vel mo,87,Hic possimus qua
152,Libero cumque impedit eveniet,106,Et ducimus cumque aut perspic
152,Libero cumque impedit eveniet,5,Quod eveniet i
152,Libero cumque impedit eveniet,158,Sit numqu
153,Odio soluta,160,Totam delectus sed fugiat o
153,Odio soluta,122,Quisquam e
153,Odio soluta,20,Dolores rem v
153,Odio soluta,54,Similique totam quasi ipsa ex
154,Vero nostrum duc,1,Libero facere dolore, as
154,Vero nostrum duc,27,Distinctio mini
154,Vero nostrum duc,69,Minus illum vo
155,Repellend,122,Quisquam e
155,Repellend,90,Aperiam consequuntu
155,Repellend,79,Dolorem quam neque, amet cum e
155,Repellend,15,Animi molestias possimus nihil
156,Quod,120,Blanditiis corporis exerci
156,Quod,162,Id reprehenderit ullam rat
156,Quod,130,Neq
156,Quod,29,In p
156,Quod,102,Sint dolorum
157,Suscipit reiciend,110,Deleniti similique obc
158,Voluptat,71,Quia quasi labo
159,Porro dolor fuga quam,40,Accusamus reprehenderit beata
159,Porro dolor fuga quam,115,Sapiente do
159,Porro dolor fuga quam,86,Doloribus animi perspiciatis
160,Amet quo fugit aliquam sequi,65,Quos blanditiis nost
160,Amet quo fugit aliquam sequi,53,Perferendis repudiandae labo
160,Amet quo fugit aliquam sequi,109,Sunt doloremque recusanda
160,Amet quo fugit aliquam sequi,174,Atque repudiandae molestiae v
160,Amet quo fugit aliquam sequi,78,Neque quae eum dign
161,Magni adipisci veritatis sit q,83,Accusan
161,Magni adipisci veritatis sit q,115,Sapiente do
162,Debitis enim cumque cum qu,136,Fugit pariatur vero nesciu
162,Debitis enim cumque cum qu,66,Quisquam ut cupiditate
163,Dolorem eligend,65,Quos blanditiis nost
163,Dolorem eligend,50,Officia asperiores obcaecati d
163,Dolorem eligend,21,Sit rerum err
164,Autem lib,174,Atque repudiandae molestiae v
165,Saepe assumenda perferendis f,121,Nesciunt quia nobi
165,Saepe assumenda perferendis f,67,Eaque nemo velit nece
165,Saepe assumenda perferendis f,157,Repelle
165,Saepe assumenda perferendis f,14,Veniam fuga n
165,Saepe assumenda perferendis f,149,Repella
166,Deserunt,41,Beatae do
166,Deserunt,126,Porro impedit enim earum nam n
166,Deserunt,173,Eum error eveni
166,Deserunt,94,Optio iusto laboriosam te
167,Provident soluta simil,75,Ist
167,Provident soluta simil,53,Perferendis repudiandae labo
168,In accu,149,Repella
169,Inve,143,Illum eaque atque recusand
170,Placeat sapiente,145,Corporis fug
170,Placeat sapiente,67,Eaque nemo velit nece
170,Placeat sapiente,171,Ea dolor exercitation
170,Placeat sapiente,94,Optio iusto laboriosam te
171,Ducimus architecto ullam,27,Distinctio mini
171,Ducimus architecto ullam,83,Accusan
171,Ducimus architecto ullam,147,Facere neque qu
171,Ducimus architecto ullam,98,Aliquid aliquam velit reru
172,Voluptate tempora rerum,102,Sint dolorum
172,Voluptate tempora rerum,54,Similique totam quasi ipsa ex
173,Totam incidunt earum perspicia,89,Facere reprehenderit v
173,Totam incidunt earum perspicia,110,Deleniti similique obc
174,Optio quas e,56,Harum voluptatum ius
174,Optio quas e,46,Exp
175,Ab illum invento,169,Repudiandae molestias be
175,Ab illum invento,67,Eaque nemo velit nece
175,Ab illum invento,55,Velit voluptatem
176,Repellat quis natus totam, s,162,Id reprehenderit ullam rat
176,Repellat quis natus totam, s,43,Tempore
176,Repellat quis natus totam, s,119,Beatae ve
177,Est voluptate accusantium tem,136,Fugit pariatur vero nesciu
177,Est voluptate accusantium tem,3,Laborios
178,Beatae q,160,Totam delectus sed fugiat o
178,Beatae q,95,Laborios
179,Velit,5,Quod eveniet i
179,Velit,71,Quia quasi labo
180,Minus nequ,89,Facere reprehenderit v
181,Autem eos voluptates off,64,Laudantium c
181,Autem eos voluptates off,107,Corrupti ap
181,Autem eos voluptates off,99,Facere q
181,Autem eos voluptates off,164,Inventore re
181,Autem eos voluptates off,7,Omnis
182,Vel fug,41,Beatae do
183,Architecto repudian,144,Dignissi
183,Architecto repudian,91,Quis expedita ip
183,Architecto repudian,147,Facere neque qu
183,Architecto repudian,6,Qui odio beata
184,Opti,32,Ipsam placeat e
184,Opti,169,Repudiandae molestias be
184,Opti,98,Aliquid aliquam velit reru
184,Opti,112,Quibusdam deleniti quasi provi
185,Iust,106,Et ducimus cumque aut perspic
185,Iust,139,Est fugit incidunt co
185,Iust,50,Officia asperiores obcaecati d
185,Iust,103,Incidunt fugiat ea, ea
186,Sapiente,140,Quos nihil quibusdam
186,Sapiente,109,Sunt doloremque recusanda
187,Officiis repellat corrupti su,133,Libero saepe accusantium
188,Dicta et natus e,19,Explicabo
188,Dicta et natus e,51,Ipsam
189,At quos,27,Distinctio mini
190,Laborum ven,66,Quisquam ut cupiditate
190,Laborum ven,13,Molesti
190,Laborum ven,30,Possimus quae elig
190,Laborum ven,135,Culpa accusantium fugit id
191,Exceptur,147,Facere neque qu
191,Exceptur,37,Perferendis corr
191,Exceptur,133,Libero saepe accusantium
192,Reiciendis assumenda dolo,170,Iure nob
192,Reiciendis assumenda dolo,166,Distinctio tene
193,Poss,56,Harum voluptatum ius
193,Poss,58,Quos re
193,Poss,28,Impedit libero id modi eos vol
193,Poss,173,Eum error eveni
194,Acc,153,Sit quibusdam ab, enim in ex
194,Acc,13,Molesti
194,Acc,131,Neq
194,Acc,34,Eius cum quis
194,Acc,165,Nemo expl
195,Placeat esse archit,22,Sapiente numquam qu
196,Enim repellendus nihil est te,136,Fugit pariatur vero nesciu
196,Enim repellendus nihil est te,18,Consectetur deleniti cupi
196,Enim repellendus nihil est te,84,Consectetur error o
196,Enim repellendus nihil est te,167,Recusandae fug
197,Ipsam incidunt t,25,Ex
197,Ipsam incidunt t,130,Neq
197,Ipsam incidunt t,132,Optio dolore itaque
197,Ipsam incidunt t,125,Labore architecto tempora d
197,Ipsam incidunt t,111,Numquam tempor
198,Iure,168,Officiis illo cum acc
198,Iure,99,Facere q
198,Iure,60,Porro molliti
198,Iure,61,Enim laboriosam quae
198,Iure,95,Laborios
199,Illo en,170,Iure nob
199,Illo en,164,Inventore re
199,Illo en,174,Atque repudiandae molestiae v
200,A rem ex,75,Ist
201,Officiis su,81,Est sapiente iusto minus quam
201,Officiis su,9,Vel illo sed
201,Officiis su,10,Pariatur hic iste m
201,Officiis su,53,Perferendis repudiandae labo
201,Officiis su,38,Reprehen
202,Numquam molestias,123,Illo q
203,Voluptates unde,32,Ipsam placeat e
204,Quae praesentium vel,48,Labore a consecte
205,Quas,116,Fuga necessitatibus
205,Quas,63,Quasi re
206,Dolores aliquid inv,97,Ad numquam dicta cons
206,Dolores aliquid inv,172,Omnis maxime deserunt
206,Dolores aliquid inv,115,Sapiente do
206,Dolores aliquid inv,140,Quos nihil quibusdam
206,Dolores aliquid inv,45,Repellat iusto quam reprehen
207,Mollitia tempore laborum eaqu,71,Quia quasi labo
208,Nobis voluptates fugiat quia,25,Ex
208,Nobis voluptates fugiat quia,7,Omnis
209,Similique dolorem dolore maio,107,Corrupti ap
210,Sapiente,27,Distinctio mini
210,Sapiente,139,Est fugit incidunt co
210,Sapiente,102,Sint dolorum
211,Officia nisi dolore,53,Perferendis repudiandae labo
212,Distinctio,83,Accusan
212,Distinctio,163,Dignissimos dolo
213,Eos quia dignissimos saepe vel,116,Fuga necessitatibus
213,Eos quia dignissimos saepe vel,38,Reprehen
214,Ullam neque sint eligendi,135,Culpa accusantium fugit id
215,Excepturi deleniti ab a,68,Repudiandae
216,Accusa,123,Illo q
216,Accusa,147,Facere neque qu
216,Accusa,134,Illum nequ
217,Reiciendis laboriosam di,73,Beatae ita
217,Reiciendis laboriosam di,145,Corporis fug
217,Reiciendis laboriosam di,91,Quis expedita ip
218,Delectus ex,168,Officiis illo cum acc
218,Delectus ex,4,Quibusdam illo deserunt ea
219,Pari,71,Quia quasi labo
220,Veritatis velit facilis iste,104,Molestiae r
220,Veritatis velit facilis iste,9,Vel illo sed
220,Veritatis velit facilis iste,43,Tempore
220,Veritatis velit facilis iste,97,Ad numquam dicta cons
221,Dol,33,Corporis ani
221,Dol,68,Repudiandae
221,Dol,118,Dolore fugit itaq
221,Dol,71,Quia quasi labo
222,Qui iste pr,164,Inventore re
222,Qui iste pr,53,Perferendis repudiandae labo
223,Deleni,91,Quis expedita ip
223,Deleni,163,Dignissimos dolo
224,Reprehenderit volu,142,Amet vel distinctio mo
225,Accusantium vitae n,26,Assumenda nam i
225,Accusantium vitae n,164,Inventore re
225,Accusantium vitae n,78,Neque quae eum dign
226,Natus consequatur incidun,4,Quibusdam illo deserunt ea
226,Natus consequatur incidun,15,Animi molestias possimus nihil
227,Dignissimos a,154,Consequuntur at earum d
227,Dignissimos a,148,Corporis voluptas provi
227,Dignissimos a,142,Amet vel distinctio mo
227,Dignissimos a,103,Incidunt fugiat ea, ea
228,Vitae modi,124,Repellat voluptates ea,
228,Vitae modi,38,Reprehen
229,Accusantium qu,69,Minus illum vo
229,Accusantium qu,54,Similique totam quasi ipsa ex
229,Accusantium qu,159,Ipsum sit praesentium cum ame
230,Reiciendis dignissimos ratio,39,Eveniet impedi
231,Expedita provident natus volup,16,Assu
231,Expedita provident natus volup,1,Libero facere dolore, as
231,Expedita provident natus volup,38,Reprehen
232,Rerum repellat voluptas c,56,Harum voluptatum ius
232,Rerum repellat voluptas c,25,Ex
232,Rerum repellat voluptas c,48,Labore a consecte
232,Rerum repellat voluptas c,66,Quisquam ut cupiditate
233,Maiores quos incidunt dolor,153,Sit quibusdam ab, enim in ex
233,Maiores quos incidunt dolor,3,Laborios
233,Maiores quos incidunt dolor,60,Porro molliti
233,Maiores quos incidunt dolor,37,Perferendis corr
233,Maiores quos incidunt dolor,55,Velit voluptatem
234,Aper,11,Eum illo expedita
235,Nulla,64,Laudantium c
235,Nulla,105,Voluptatem labore laboriosa
235,Nulla,28,Impedit libero id modi eos vol
235,Nulla,36,Soluta consequatur dolore
235,Nulla,53,Perferendis repudiandae labo
236,Laudantium tempora itaque,96,Commodi deserunt in illo
237,Reprehenderit,39,Eveniet impedi
238,Aliqu,129,Quos voluptates at n
238,Aliqu,18,Consectetur deleniti cupi
238,Aliqu,173,Eum error eveni
238,Aliqu,142,Amet vel distinctio mo
238,Aliqu,30,Possimus quae elig
239,Odio harum nam mole,88,Unde quaerat tenetur
239,Odio harum nam mole,171,Ea dolor exercitation
239,Odio harum nam mole,117,Nam excepturi placeat asperna
240,Arc,136,Fugit pariatur vero nesciu
240,Arc,25,Ex
240,Arc,81,Est sapiente iusto minus quam
241,Reprehenderit li,169,Repudiandae molestias be
241,Reprehenderit li,148,Corporis voluptas provi
241,Reprehenderit li,68,Repudiandae
242,Repr,146,Sequi nesciunt
243,Optio m,24,Blanditiis obcaecat
243,Optio m,153,Sit quibusdam ab, enim in ex
243,Optio m,5,Quod eveniet i
244,Esse odit amet rep,146,Sequi nesciunt
244,Esse odit amet rep,10,Pariatur hic iste m
244,Esse odit amet rep,30,Possimus quae elig
244,Esse odit amet rep,55,Velit voluptatem
245,Provident nostrum minima,123,Illo q
245,Provident nostrum minima,81,Est sapiente iusto minus quam
245,Provident nostrum minima,163,Dignissimos dolo
245,Provident nostrum minima,148,Corporis voluptas provi
245,Provident nostrum minima,37,Perferendis corr
246,Ex nihil quae facilis a omni,81,Est sapiente iusto minus quam
246,Ex nihil quae facilis a omni,129,Quos voluptates at n
246,Ex nihil quae facilis a omni,37,Perferendis corr
247,Dolorem quaerat sunt,105,Voluptatem labore laboriosa
247,Dolorem quaerat sunt,137,Numqu
247,Dolorem quaerat sunt,108,Perferendis nesciunt quae dolo
247,Dolorem quaerat sunt,148,Corporis voluptas provi
247,Dolorem quaerat sunt,151,Magni totam q
248,Distinctio,20,Dolores rem v
249,Repudiandae ip,25,Ex
249,Repudiandae ip,76,Voluptatem laborum dicta cum
249,Repudiandae ip,53,Perferendis repudiandae labo
249,Repudiandae ip,87,Hic possimus qua
250,Iste debitis dolorum amet m,62,Natus rem repellat quas assum
250,Iste debitis dolorum amet m,155,Voluptatum doloremque to
250,Iste debitis dolorum amet m,4,Quibusdam illo deserunt ea
250,Iste debitis dolorum amet m,150,Culpa cumque quo vel
251,Non qui vo,112,Quibusdam deleniti quasi provi
251,Non qui vo,17,Officiis
251,Non qui vo,162,Id reprehenderit ullam rat
251,Non qui vo,109,Sunt doloremque recusanda
251,Non qui vo,63,Quasi re
252,Dolorem ma,169,Repudiandae molestias be
252,Dolorem ma,6,Qui odio beata
253,Molestias labore tempore ita,140,Quos nihil quibusdam
253,Molestias labore tempore ita,13,Molesti
254,Vol,158,Sit numqu
255,Adipisci molest,48,Labore a consecte
255,Adipisci molest,79,Dolorem quam neque, amet cum e
256,Omni,165,Nemo expl
256,Omni,173,Eum error eveni
257,Voluptatibus dolor,123,Illo q
257,Voluptatibus dolor,149,Repella
257,Voluptatibus dolor,54,Similique totam quasi ipsa ex
258,Quo,36,Soluta consequatur dolore
258,Quo,12,Laudantium recusand
258,Quo,70,Minus repell
258,Quo,119,Beatae ve
259,Atque aspernatur possi,40,Accusamus reprehenderit beata
259,Atque aspernatur possi,89,Facere reprehenderit v
259,Atque aspernatur possi,27,Distinctio mini
259,Atque aspernatur possi,60,Porro molliti
259,Atque aspernatur possi,86,Doloribus animi perspiciatis
260,Ullam c,97,Ad numquam dicta cons
260,Ullam c,50,Officia asperiores obcaecati d
260,Ullam c,115,Sapiente do
260,Ullam c,68,Repudiandae
261,Iusto quas voluptatibu,169,Repudiandae molestias be
261,Iusto quas voluptatibu,34,Eius cum quis
261,Iusto quas voluptatibu,101,Earum suscipit ea voluptates i
261,Iusto quas voluptatibu,174,Atque repudiandae molestiae v
261,Iusto quas voluptatibu,7,Omnis
262,Optio qui sunt dolores, ab,8,Saepe ea vo
262,Optio qui sunt dolores, ab,161,Doloremq
262,Optio qui sunt dolores, ab,51,Ipsam
262,Optio qui sunt dolores, ab,60,Porro molliti
263,Illum recusandae nulla re,146,Sequi nesciunt
263,Illum recusandae nulla re,132,Optio dolore itaque
263,Illum recusandae nulla re,13,Molesti
263,Illum recusandae nulla re,30,Possimus quae elig
264,Verita,145,Corporis fug
264,Verita,106,Et ducimus cumque aut perspic
264,Verita,26,Assumenda nam i
264,Verita,134,Illum nequ
264,Verita,111,Numquam tempor
265,Expedita quod blanditiis,155,Voluptatum doloremque to
265,Expedita quod blanditiis,116,Fuga necessitatibus
265,Expedita quod blanditiis,117,Nam excepturi placeat asperna
266,Mag,89,Facere reprehenderit v
266,Mag,82,Atque laudantium dolor q
266,Mag,11,Eum illo expedita
266,Mag,85,Alias laboriosam sapiente e
266,Mag,66,Quisquam ut cupiditate
267,Omnis quos aspernatur d,86,Doloribus animi perspiciatis
267,Omnis quos aspernatur d,150,Culpa cumque quo vel
267,Omnis quos aspernatur d,14,Veniam fuga n
267,Omnis quos aspernatur d,47,Animi dolor at est
268,Sunt impedit co,68,Repudiandae
269,Minima quam ea ad,81,Est sapiente iusto minus quam
270,Suscipit quidem e,12,Laudantium recusand
271,Harum,161,Doloremq
271,Harum,68,Repudiandae
272,Dolore laborum ips,106,Et ducimus cumque aut perspic
272,Dolore laborum ips,37,Perferendis corr
273,Magni veniam earum corporis,121,Nesciunt quia nobi
273,Magni veniam earum corporis,82,Atque laudantium dolor q
273,Magni veniam earum corporis,43,Tempore
274,Optio,97,Ad numquam dicta cons
274,Optio,98,Aliquid aliquam velit reru
274,Optio,84,Consectetur error o
275,Nam fugit vel.,8,Saepe ea vo
275,Nam fugit vel.,147,Facere neque qu
276,Ut numquam quam eum, alias ius,101,Earum suscipit ea voluptates i
277,Error amet tempore nulla,23,Nam ab illum culpa corporis fu
278,Deserunt a,99,Facere q
279,Aperiam sit,34,Eius cum quis
279,Aperiam sit,156,Expedita nam est in l
280,Asperi,73,Beatae ita
280,Asperi,137,Numqu
280,Asperi,169,Repudiandae molestias be
280,Asperi,156,Expedita nam est in l
280,Asperi,87,Hic possimus qua
281,Similique aperiam earum expli,136,Fugit pariatur vero nesciu
281,Similique aperiam earum expli,27,Distinctio mini
281,Similique aperiam earum expli,19,Explicabo
281,Similique aperiam earum expli,76,Voluptatem laborum dicta cum
281,Similique aperiam earum expli,174,Atque repudiandae molestiae v
282,Iure h,16,Assu
282,Iure h,161,Doloremq
282,Iure h,131,Neq
282,Iure h,77,Corporis obcaecati ven
283,At sint ducimus nostrum i,96,Commodi deserunt in illo
283,At sint ducimus nostrum i,29,In p
283,At sint ducimus nostrum i,165,Nemo expl
283,At sint ducimus nostrum i,106,Et ducimus cumque aut perspic
284,Reprehenderit temporib,55,Velit voluptatem
285,Molestiae quaerat maxim,3,Laborios
285,Molestiae quaerat maxim,137,Numqu
285,Molestiae quaerat maxim,171,Ea dolor exercitation
285,Molestiae quaerat maxim,116,Fuga necessitatibus
285,Molestiae quaerat maxim,113,Accusamus exercitat
286,Maior,32,Ipsam placeat e
287,Unde natus ut ipsa cupi,32,Ipsam placeat e
287,Unde natus ut ipsa cupi,156,Expedita nam est in l
287,Unde natus ut ipsa cupi,130,Neq
287,Unde natus ut ipsa cupi,92,Ea vel deserunt aspernat
287,Unde natus ut ipsa cupi,118,Dolore fugit itaq
288,Praesentium atque ear,41,Beatae do
288,Praesentium atque ear,37,Perferendis corr
288,Praesentium atque ear,134,Illum nequ
289,Rem minima,104,Molestiae r
289,Rem minima,81,Est sapiente iusto minus quam
289,Rem minima,56,Harum voluptatum ius
289,Rem minima,52,Molestiae veniam
289,Rem minima,132,Optio dolore itaque
290,Provident sed soluta, sed si,96,Commodi deserunt in illo
290,Provident sed soluta, sed si,107,Corrupti ap
290,Provident sed soluta, sed si,115,Sapiente do
290,Provident sed soluta, sed si,131,Neq
290,Provident sed soluta, sed si,141,Sit quidem tempora doloribus r
291,Natus quia veritatis,74,Quo sunt laudantium al
291,Natus quia veritatis,10,Pariatur hic iste m
291,Natus quia veritatis,37,Perferendis corr
291,Natus quia veritatis,79,Dolorem quam neque, amet cum e
292,Vero a,128,Similique do
292,Vero a,150,Culpa cumque quo vel
293,Optio harum labori,112,Quibusdam deleniti quasi provi
293,Optio harum labori,158,Sit numqu
294,Duci,49,Sed quo corpor
294,Duci,164,Inventore re
294,Duci,156,Expedita nam est in l
294,Duci,66,Quisquam ut cupiditate
294,Duci,102,Sint dolorum
295,Ipsa elige,113,Accusamus exercitat
295,Ipsa elige,167,Recusandae fug
296,Sunt blanditiis i,169,Repudiandae molestias be
296,Sunt blanditiis i,90,Aperiam consequuntu
296,Sunt blanditiis i,12,Laudantium recusand
297,Doloremque,88,Unde quaerat tenetur
297,Doloremque,74,Quo sunt laudantium al
297,Doloremque,70,Minus repell
297,Doloremque,31,Vitae nulla praesentium magnam
298,Autem ratione vitae quos, do,29,In p
298,Autem ratione vitae quos, do,15,Animi molestias possimus nihil
299,Voluptatibus aliquid,19,Explicabo
299,Voluptatibus aliquid,67,Eaque nemo velit nece
299,Voluptatibus aliquid,109,Sunt doloremque recusanda
300,Quaerat sequi sit eius corpori,119,Beatae ve
301,Libe,52,Molestiae veniam
301,Libe,150,Culpa cumque quo vel
302,Aliquam n,21,Sit rerum err
302,Aliquam n,106,Et ducimus cumque aut perspic
302,Aliquam n,51,Ipsam
302,Aliquam n,28,Impedit libero id modi eos vol
302,Aliquam n,141,Sit quidem tempora doloribus r